customer_id,num_orders,avg_order_value,total_spent,days_between_orders,last_purchase_days,active_months,repeat_ratio,discount_ratio,avg_discount_pct,promo_response,price_variability,avg_items_per_order,categories_count,fresh_ratio,private_label_ratio,express_orders_ratio,delivery_preference,online_only,returns_ratio
C0001,3,92.91,278.73,26.4,36.6,5,0.38,0.04,0.5,0.9,0.19,9,8,0.75,0.23,0.0,1,1,0.028
C0002,19,18.32,348.01,59.3,9.9,5,0.75,0.61,9.7,0.8,0.23,5,3,0.17,0.25,0.74,0,1,0.004
C0003,11,55.32,608.55,34.7,46.4,5,0.75,0.4,6.3,0.3,0.14,5,4,0.33,0.28,0.3,0,0,0.038
C0004,11,24.09,264.98,32.7,46.6,3,0.48,0.73,16.2,0.92,0.1,21,9,0.46,0.37,0.4,0,0,0.032
C0005,28,17.13,479.63,23.0,35.8,6,0.63,0.64,7.3,0.72,0.23,5,9,0.74,0.32,0.3,1,0,0.035
C0006,21,19.59,411.46,6.8,3.7,6,0.6,0.85,12.7,0.64,0.14,23,8,0.23,0.25,0.53,0,0,0.007
C0007,25,16.8,420.02,52.8,31.4,2,0.66,0.81,10.8,0.8,0.17,14,6,0.17,0.42,0.42,0,0,0.018
C0008,13,44.11,573.39,5.2,48.2,1,0.71,0.3,5.3,0.23,0.18,21,3,0.71,0.23,0.24,0,0,0.049
C0009,24,24.3,583.15,24.0,28.3,5,0.34,0.82,10.0,0.21,0.27,18,4,0.5,0.24,0.39,1,1,0.027
C0010,14,37.62,526.7,35.1,50.6,6,0.5,0.35,4.1,0.86,0.24,8,3,0.66,0.4,0.14,0,1,0.027
C0011,19,20.58,390.97,24.6,20.9,4,0.69,0.78,14.4,0.4,0.35,9,2,0.3,0.24,0.47,1,1,0.012
C0012,18,28.21,507.78,6.2,50.7,3,0.61,0.53,8.5,0.94,0.11,6,5,0.78,0.55,0.74,1,1,0.013
C0013,15,53.07,796.09,33.5,29.1,5,0.76,0.36,4.7,0.38,0.19,5,5,0.31,0.25,0.24,1,1,0.014
C0014,22,20.06,441.34,36.9,22.8,2,0.63,0.88,16.0,0.27,0.26,24,2,0.24,0.2,0.4,0,0,0.024
C0015,23,19.12,439.72,50.3,57.9,6,0.86,0.7,17.5,0.27,0.18,5,9,0.62,0.22,0.58,0,1,0.041
C0016,22,17.02,374.36,49.4,40.2,2,0.84,0.65,9.6,0.6,0.26,12,8,0.61,0.56,0.35,0,1,0.027
C0017,4,135.24,540.98,54.3,23.6,6,0.34,0.03,0.5,0.56,0.2,7,8,0.62,0.48,0.0,1,0,0.044
C0018,10,27.07,270.69,11.6,19.4,5,0.77,0.92,11.2,0.27,0.27,9,4,0.64,0.24,0.44,0,0,0.019
C0019,2,101.47,202.95,48.4,9.8,4,0.73,0.06,1.2,0.64,0.27,8,3,0.31,0.34,0.0,0,1,0.045
C0020,23,17.27,397.29,38.1,54.8,6,0.36,0.73,10.1,0.72,0.24,16,5,0.75,0.52,0.39,0,1,0.033
C0021,10,27.8,277.97,45.0,56.1,6,0.85,0.85,10.1,0.3,0.12,8,7,0.69,0.33,0.33,1,0,0.011
C0022,32,18.99,607.68,48.8,1.3,1,0.37,0.62,10.0,0.83,0.33,11,3,0.46,0.57,0.4,1,0,0.002
C0023,24,16.66,399.72,47.5,17.4,2,0.31,0.61,12.2,0.25,0.34,21,5,0.42,0.23,0.39,0,1,0.025
C0024,2,117.89,235.79,27.3,48.2,6,0.42,0.06,0.8,0.13,0.21,12,4,0.19,0.51,0.0,0,1,0.026
C0025,21,26.18,549.75,8.9,20.7,3,0.52,0.82,11.6,0.65,0.19,22,8,0.58,0.21,0.43,0,0,0.012
C0026,10,47.64,476.38,35.5,53.4,4,0.44,0.32,3.7,0.31,0.28,18,4,0.78,0.58,0.17,1,0,0.02
C0027,33,15.87,523.69,51.3,8.2,3,0.65,0.79,12.9,0.86,0.3,24,4,0.32,0.35,0.52,0,0,0.013
C0028,14,23.87,334.16,52.1,14.0,2,0.76,0.89,10.8,0.84,0.21,18,8,0.67,0.37,0.31,0,0,0.013
C0029,17,29.88,507.97,39.8,25.9,2,0.62,0.8,10.1,0.33,0.08,22,9,0.23,0.43,0.27,1,1,0.028
C0030,23,23.3,535.84,10.8,54.1,6,0.74,0.66,9.1,0.64,0.21,14,6,0.69,0.36,0.3,1,1,0.021
C0031,11,20.83,229.09,37.4,15.5,5,0.8,0.88,14.6,0.88,0.27,12,4,0.77,0.36,0.22,1,1,0.007
C0032,18,17.7,318.58,51.0,50.9,3,0.66,0.76,11.4,0.76,0.11,13,9,0.62,0.4,0.35,0,1,0.022
C0033,24,15.76,378.22,58.2,1.3,4,0.52,0.62,7.1,0.88,0.12,14,2,0.44,0.27,0.3,1,1,0.044
C0034,22,25.67,564.68,39.3,58.9,2,0.59,0.73,9.7,0.94,0.33,19,9,0.61,0.57,0.72,0,1,0.028
C0035,24,21.75,522.1,14.0,7.8,3,0.87,0.54,9.2,0.83,0.31,22,4,0.69,0.21,0.72,0,1,0.012
C0036,11,47.03,517.29,28.1,24.9,1,0.62,0.38,7.5,0.73,0.22,17,3,0.72,0.37,0.21,0,1,0.05
C0037,4,168.72,674.89,56.5,48.1,6,0.51,0.08,1.7,0.44,0.21,20,9,0.33,0.36,0.0,1,0,0.017
C0038,22,22.32,491.1,19.9,51.3,2,0.44,0.6,6.4,0.12,0.35,13,8,0.4,0.47,0.44,1,0,0.047
C0039,22,22.4,492.86,53.4,36.4,6,0.67,0.85,10.6,0.94,0.14,24,6,0.57,0.44,0.49,0,1,0.012
C0040,3,124.57,373.7,57.6,49.7,5,0.33,0.01,0.1,0.85,0.33,21,6,0.32,0.41,0.0,1,1,0.05
C0041,20,23.16,463.17,33.6,36.0,6,0.82,0.67,11.3,0.43,0.15,13,4,0.77,0.54,0.37,0,0,0.033
C0042,14,30.5,426.98,3.3,42.0,2,0.62,0.77,18.8,0.19,0.32,17,2,0.19,0.55,0.28,1,0,0.045
C0043,20,18.48,369.56,18.2,52.8,3,0.82,0.8,11.0,0.23,0.12,17,4,0.31,0.57,0.47,1,0,0.035
C0044,26,19.9,517.48,4.7,49.7,2,0.79,0.76,10.3,0.87,0.08,6,7,0.64,0.3,0.76,1,1,0.004
C0045,34,20.6,700.35,3.5,49.3,6,0.47,0.63,6.5,0.47,0.31,19,7,0.64,0.52,0.41,1,1,0.039
C0046,13,23.12,300.51,36.2,21.4,2,0.34,0.88,20.0,0.94,0.26,16,5,0.57,0.44,0.22,1,0,0.003
C0047,2,119.12,238.25,46.9,41.3,2,0.4,0.07,1.2,0.9,0.11,13,8,0.49,0.53,0.0,0,1,0.042
C0048,24,29.57,709.64,57.2,9.9,4,0.74,0.86,20.4,0.83,0.34,23,2,0.44,0.32,0.28,1,1,0.036
C0049,11,21.62,237.85,24.0,52.0,3,0.88,0.71,9.0,0.84,0.29,19,4,0.7,0.5,0.4,0,0,0.007
C0050,20,16.85,337.09,37.1,36.8,4,0.56,0.74,9.6,0.52,0.1,25,6,0.53,0.37,0.3,1,0,0.007
C0051,19,18.87,358.52,37.2,18.2,5,0.75,0.62,15.0,0.87,0.28,23,9,0.24,0.24,0.64,1,1,0.001
C0052,13,50.45,655.9,3.6,20.3,2,0.62,0.34,7.9,0.17,0.3,11,3,0.79,0.28,0.21,1,1,0.041
C0053,24,20.01,480.23,43.3,2.9,6,0.67,0.53,10.2,0.35,0.33,12,3,0.56,0.51,0.69,0,0,0.024
C0054,10,57.37,573.7,28.8,39.0,1,0.4,0.31,5.1,0.72,0.24,16,6,0.46,0.45,0.26,0,0,0.024
C0055,22,21.1,464.11,31.4,33.8,2,0.69,0.9,13.4,0.56,0.21,14,4,0.59,0.23,0.4,0,0,0.013
C0056,26,20.09,522.35,51.2,38.1,4,0.52,0.79,19.6,0.13,0.31,13,5,0.17,0.36,0.62,1,1,0.03
C0057,21,19.22,403.56,55.0,13.4,5,0.58,0.68,15.4,0.3,0.29,8,9,0.54,0.45,0.48,1,1,0.026
C0058,22,23.54,517.96,52.6,27.3,1,0.7,0.75,8.5,0.65,0.16,6,4,0.58,0.33,0.37,1,1,0.007
C0059,30,17.37,521.11,28.2,20.5,5,0.5,0.67,15.0,0.47,0.15,15,5,0.61,0.27,0.57,1,1,0.002
C0060,2,122.11,244.21,47.6,42.6,4,0.82,0.08,1.5,0.56,0.09,18,3,0.23,0.29,0.0,1,0,0.032
C0061,4,130.7,522.79,21.0,30.9,6,0.71,0.14,2.2,0.51,0.27,6,2,0.57,0.55,0.0,0,1,0.026
C0062,29,20.32,589.35,11.2,56.4,4,0.7,0.64,15.7,0.18,0.26,10,6,0.78,0.3,0.34,0,0,0.049
C0063,10,52.08,520.81,52.5,34.7,4,0.37,0.3,6.6,0.88,0.24,20,7,0.41,0.46,0.22,1,1,0.033
C0064,3,144.45,433.34,52.4,59.6,5,0.77,0.05,0.9,0.73,0.32,10,7,0.75,0.38,0.0,1,1,0.044
C0065,30,23.18,695.35,3.3,20.2,4,0.67,0.64,11.7,0.42,0.23,5,2,0.5,0.38,0.46,1,1,0.029
C0066,17,29.36,499.11,24.6,51.9,2,0.59,0.85,8.9,0.39,0.18,6,9,0.53,0.41,0.34,0,0,0.038
C0067,23,22.47,516.78,49.9,26.4,5,0.84,0.81,11.1,0.89,0.1,25,6,0.38,0.24,0.46,0,1,0.013
C0068,11,51.75,569.28,36.1,6.3,6,0.73,0.39,5.4,0.45,0.11,15,8,0.59,0.27,0.21,0,0,0.035
C0069,34,20.67,702.89,30.6,48.6,1,0.52,0.68,12.1,0.2,0.08,25,7,0.54,0.52,0.59,0,1,0.009
C0070,23,28.08,645.8,16.5,47.1,2,0.74,0.77,17.5,0.67,0.3,23,5,0.25,0.37,0.61,0,0,0.012
C0071,11,56.57,622.27,4.3,38.9,4,0.42,0.24,4.8,0.32,0.25,6,9,0.24,0.48,0.12,0,1,0.021
C0072,24,22.25,533.88,49.7,36.6,6,0.65,0.6,8.5,0.17,0.1,5,5,0.27,0.33,0.4,0,1,0.018
C0073,21,19.42,407.91,7.0,38.8,6,0.66,0.85,17.2,0.3,0.2,10,3,0.8,0.46,0.5,0,0,0.037
C0074,13,43.34,563.41,57.8,38.5,1,0.4,0.32,5.1,0.46,0.3,16,2,0.35,0.59,0.12,0,1,0.019
C0075,14,44.98,629.76,55.8,32.9,1,0.7,0.23,2.6,0.32,0.29,5,6,0.69,0.51,0.3,1,0,0.002
C0076,8,40.68,325.47,22.7,15.1,1,0.48,0.27,4.3,0.48,0.24,10,4,0.66,0.43,0.18,1,0,0.02
C0077,11,58.26,640.91,24.7,52.8,6,0.73,0.22,2.7,0.28,0.3,19,6,0.16,0.26,0.26,0,1,0.048
C0078,27,23.22,627.07,55.6,29.7,6,0.84,0.64,14.4,0.37,0.34,10,2,0.58,0.25,0.56,0,1,0.025
C0079,4,176.68,706.72,58.1,26.5,5,0.86,0.08,1.9,0.34,0.31,15,7,0.54,0.35,0.0,0,0,0.028
C0080,19,19.6,372.36,6.3,42.0,1,0.56,0.62,7.8,0.16,0.29,18,4,0.27,0.48,0.6,0,1,0.032
C0081,15,55.35,830.24,38.6,32.1,2,0.38,0.32,7.5,0.48,0.13,11,4,0.42,0.53,0.16,0,0,0.038
C0082,23,22.23,511.19,48.0,35.3,2,0.41,0.73,14.1,0.37,0.31,17,6,0.28,0.23,0.33,1,1,0.019
C0083,2,139.32,278.63,51.1,6.8,2,0.38,0.07,1.6,0.31,0.26,7,2,0.55,0.54,0.0,1,0,0.048
C0084,34,24.55,834.81,42.2,26.8,5,0.47,0.84,20.0,0.32,0.29,15,8,0.58,0.56,0.39,1,0,0.031
C0085,5,130.56,652.78,9.0,59.3,5,0.33,0.13,1.4,0.73,0.26,23,9,0.22,0.21,0.0,1,0,0.019
C0086,4,116.69,466.75,47.2,40.0,4,0.51,0.05,0.8,0.57,0.3,12,9,0.43,0.23,0.0,1,1,0.045
C0087,15,54.23,813.46,14.7,8.2,6,0.46,0.32,3.6,0.92,0.21,22,3,0.67,0.32,0.18,1,1,0.03
C0088,14,33.65,471.03,11.9,3.6,1,0.86,0.83,11.1,0.42,0.2,22,7,0.33,0.57,0.38,1,1,0.025
C0089,8,51.15,409.16,52.1,50.9,1,0.63,0.26,5.0,0.29,0.34,18,9,0.51,0.27,0.26,1,0,0.016
C0090,15,34.74,521.09,12.4,8.8,4,0.79,0.93,12.3,0.53,0.31,17,7,0.5,0.44,0.21,1,0,0.015
C0091,24,20.77,498.52,12.2,33.9,1,0.75,0.86,20.0,0.34,0.13,14,3,0.28,0.42,0.43,1,1,0.031
C0092,10,52.2,521.97,32.9,51.0,2,0.32,0.28,5.8,0.27,0.34,24,4,0.64,0.54,0.21,1,1,0.025
C0093,9,44.21,397.87,53.5,36.0,5,0.7,0.29,2.9,0.25,0.09,18,5,0.27,0.36,0.24,0,0,0.044
C0094,22,28.92,636.23,35.0,34.1,6,0.59,0.72,13.6,0.61,0.09,23,2,0.56,0.26,0.37,1,0,0.037
C0095,9,52.69,474.23,28.1,9.7,1,0.56,0.36,4.1,0.29,0.24,19,4,0.63,0.32,0.2,0,0,0.032
C0096,13,31.36,407.63,50.9,23.6,1,0.87,0.73,9.5,0.58,0.34,7,6,0.61,0.43,0.32,1,0,0.035
C0097,20,23.08,461.57,27.5,52.5,5,0.58,0.94,16.1,0.47,0.33,8,7,0.56,0.22,0.28,0,1,0.045
C0098,5,155.66,778.28,12.1,37.0,4,0.54,0.11,2.7,0.5,0.08,16,3,0.33,0.3,0.0,0,0,0.045
C0099,27,17.72,478.43,47.3,4.9,5,0.81,0.83,8.9,0.63,0.23,25,5,0.35,0.51,0.43,1,0,0.012
C0100,28,24.63,689.75,6.0,25.7,6,0.74,0.77,19.0,0.32,0.26,9,9,0.37,0.32,0.58,0,1,0.048
C0101,26,15.22,395.73,8.1,41.3,1,0.61,0.82,9.6,0.83,0.28,13,8,0.61,0.42,0.43,1,1,0.023
C0102,10,25.29,252.87,15.3,6.8,3,0.69,0.74,13.4,0.15,0.22,14,4,0.18,0.51,0.4,1,1,0.013
C0103,5,139.04,695.18,46.0,2.1,5,0.7,0.11,1.4,0.32,0.34,12,3,0.64,0.42,0.0,1,0,0.005
C0104,12,33.46,401.48,9.0,39.8,1,0.54,0.83,9.5,0.47,0.13,16,3,0.21,0.34,0.35,0,1,0.014
C0105,22,27.57,606.65,33.4,10.3,4,0.63,0.62,7.7,0.62,0.18,22,4,0.79,0.26,0.77,0,0,0.009
C0106,22,22.33,491.18,48.5,58.1,3,0.83,0.85,18.7,0.53,0.34,17,8,0.23,0.49,0.39,1,1,0.05
C0107,3,128.47,385.42,3.7,34.0,1,0.32,0.02,0.5,0.28,0.18,7,6,0.37,0.32,0.0,1,1,0.006
C0108,11,42.86,471.45,29.2,22.1,2,0.79,0.29,6.8,0.55,0.15,5,6,0.42,0.56,0.26,0,0,0.01
C0109,28,21.51,602.32,51.0,28.8,3,0.68,0.79,9.4,0.67,0.17,12,9,0.2,0.27,0.41,0,1,0.011
C0110,25,15.73,393.17,52.4,13.7,5,0.32,0.62,9.1,0.66,0.33,16,2,0.65,0.52,0.4,0,0,0.013
C0111,18,23.74,427.36,25.2,23.4,6,0.82,0.6,10.9,0.42,0.34,18,4,0.42,0.22,0.35,1,1,0.046
C0112,33,22.08,728.54,42.9,50.5,5,0.88,0.89,18.6,0.36,0.3,23,8,0.44,0.29,0.55,0,0,0.003
C0113,15,20.9,313.54,20.2,36.3,3,0.44,0.5,10.6,0.61,0.1,12,3,0.58,0.44,0.64,0,1,0.009
C0114,14,48.28,675.96,27.5,16.8,6,0.81,0.37,6.6,0.15,0.3,7,5,0.22,0.24,0.16,0,0,0.033
C0115,10,19.1,191.0,42.6,5.9,6,0.56,0.94,20.3,0.61,0.32,12,6,0.56,0.44,0.21,0,0,0.012
C0116,14,38.29,536.09,58.3,16.5,2,0.58,0.25,6.1,0.33,0.19,22,2,0.18,0.44,0.26,0,1,0.012
C0117,9,59.29,533.59,14.2,37.0,5,0.58,0.27,5.0,0.56,0.31,21,7,0.69,0.54,0.2,0,1,0.023
C0118,34,17.19,584.29,18.8,49.2,1,0.67,0.72,8.4,0.39,0.22,13,8,0.47,0.48,0.31,0,0,0.007
C0119,13,39.13,508.69,53.3,40.6,5,0.66,0.28,4.1,0.8,0.34,9,9,0.71,0.2,0.25,1,0,0.041
C0120,10,28.26,282.65,24.9,27.9,2,0.36,0.87,16.5,0.57,0.32,16,3,0.36,0.5,0.23,1,0,0.032
C0121,9,44.05,396.43,39.3,54.9,1,0.39,0.32,4.0,0.64,0.28,10,4,0.5,0.26,0.1,0,0,0.021
C0122,10,46.22,462.21,54.9,48.7,1,0.74,0.22,4.3,0.82,0.27,22,5,0.59,0.31,0.18,0,1,0.039
C0123,5,110.37,551.83,28.7,35.2,1,0.56,0.06,0.9,0.59,0.18,8,5,0.6,0.35,0.0,1,1,0.022
C0124,21,15.45,324.4,22.4,31.5,2,0.68,0.83,12.5,0.16,0.19,21,2,0.59,0.44,0.58,1,1,0.011
C0125,29,20.6,597.31,58.4,14.5,3,0.62,0.63,7.6,0.18,0.14,15,9,0.42,0.36,0.35,1,0,0.007
C0126,2,116.03,232.06,9.6,57.4,5,0.58,0.14,2.2,0.95,0.23,17,4,0.77,0.36,0.0,0,1,0.017
C0127,11,59.5,654.53,12.6,15.6,3,0.51,0.3,6.6,0.7,0.13,25,7,0.59,0.29,0.21,0,0,0.027
C0128,8,49.51,396.09,38.7,29.8,3,0.77,0.23,4.8,0.36,0.17,23,6,0.63,0.26,0.19,0,0,0.036
C0129,19,22.22,422.21,10.4,47.6,4,0.33,0.76,15.4,0.5,0.09,10,2,0.77,0.41,0.56,1,1,0.038
C0130,15,28.01,420.13,14.6,45.9,3,0.61,0.79,13.8,0.59,0.31,18,4,0.41,0.53,0.29,0,0,0.029
C0131,2,132.88,265.77,6.4,1.2,1,0.81,0.15,3.5,0.15,0.32,9,6,0.78,0.29,0.0,0,1,0.038
C0132,28,23.72,664.17,39.7,49.4,1,0.47,0.76,10.0,0.91,0.08,23,3,0.59,0.53,0.49,0,1,0.001
C0133,18,18.42,331.52,3.3,56.3,4,0.7,0.79,17.0,0.82,0.25,12,8,0.47,0.23,0.32,1,1,0.02
C0134,3,117.55,352.66,39.0,35.0,2,0.3,0.08,0.9,0.84,0.26,21,8,0.7,0.3,0.0,1,1,0.007
C0135,24,22.83,548.03,19.0,48.4,6,0.39,0.59,8.2,0.12,0.24,11,2,0.51,0.29,0.57,0,0,0.011
C0136,4,148.3,593.21,53.7,30.7,6,0.57,0.02,0.4,0.57,0.25,22,7,0.45,0.29,0.0,0,1,0.014
C0137,23,26.84,617.39,18.5,30.3,6,0.83,0.74,16.4,0.71,0.15,21,8,0.22,0.28,0.43,0,1,0.036
C0138,13,52.67,684.77,3.2,15.6,1,0.35,0.21,5.1,0.8,0.12,13,4,0.71,0.43,0.27,1,0,0.047
C0139,4,171.89,687.58,58.0,6.3,2,0.33,0.06,1.0,0.89,0.31,14,8,0.26,0.49,0.0,0,0,0.048
C0140,26,19.56,508.44,18.3,29.0,3,0.69,0.7,7.5,0.41,0.34,13,4,0.45,0.28,0.78,1,0,0.018
C0141,26,28.31,735.99,26.7,43.5,1,0.69,0.56,9.5,0.85,0.14,17,8,0.55,0.32,0.67,1,1,0.033
C0142,20,18.16,363.13,43.7,12.8,4,0.35,0.79,8.4,0.67,0.3,14,6,0.32,0.53,0.42,1,0,0.019
C0143,17,32.25,548.26,4.8,44.4,6,0.62,0.88,16.6,0.11,0.21,8,3,0.49,0.47,0.48,1,0,0.039
C0144,4,109.78,439.13,51.9,34.9,2,0.76,0.02,0.4,0.2,0.15,25,2,0.65,0.41,0.0,1,0,0.019
C0145,33,20.68,682.47,53.1,40.9,3,0.8,0.8,15.3,0.35,0.14,8,9,0.19,0.29,0.46,1,1,0.024
C0146,32,15.6,499.11,59.4,15.1,4,0.63,0.8,19.6,0.16,0.18,16,8,0.24,0.45,0.47,1,0,0.029
C0147,20,34.69,693.76,12.3,38.9,1,0.51,0.83,19.8,0.35,0.21,19,8,0.61,0.22,0.47,0,1,0.0
C0148,13,21.91,284.89,20.2,45.9,5,0.87,0.71,17.4,0.63,0.33,22,7,0.51,0.37,0.32,1,0,0.008
C0149,25,17.09,427.3,58.9,47.8,3,0.54,0.61,12.2,0.19,0.25,20,9,0.61,0.59,0.55,0,1,0.013
C0150,23,21.22,488.14,48.2,54.6,2,0.72,0.89,14.2,0.91,0.34,12,6,0.71,0.51,0.36,1,0,0.012
C0151,25,26.0,649.98,47.0,30.4,1,0.8,0.55,11.9,0.42,0.23,15,6,0.29,0.33,0.67,1,0,0.036
C0152,22,17.46,384.08,3.0,54.2,6,0.54,0.72,17.2,0.94,0.09,11,2,0.56,0.24,0.57,1,0,0.003
C0153,24,20.77,498.51,17.3,34.3,3,0.55,0.71,16.1,0.87,0.32,24,5,0.17,0.54,0.54,0,0,0.011
C0154,10,20.98,209.79,57.2,35.3,3,0.64,0.92,15.0,0.38,0.31,17,5,0.43,0.56,0.28,1,1,0.02
C0155,28,27.36,766.2,14.7,35.9,1,0.48,0.64,12.2,0.13,0.25,8,3,0.76,0.4,0.65,0,0,0.041
C0156,25,15.48,386.91,23.1,49.7,2,0.83,0.82,14.8,0.34,0.19,9,8,0.23,0.51,0.53,0,0,0.021
C0157,15,24.16,362.35,14.6,1.6,4,0.44,0.88,8.8,0.72,0.34,10,4,0.58,0.5,0.26,0,0,0.021
C0158,9,57.4,516.61,18.5,8.4,3,0.9,0.36,5.8,0.29,0.29,25,9,0.58,0.23,0.15,0,1,0.035
C0159,19,22.81,433.32,5.4,16.7,4,0.87,0.78,15.1,0.21,0.23,21,2,0.61,0.27,0.59,0,0,0.022
C0160,9,52.43,471.87,55.5,42.0,5,0.82,0.34,4.8,0.79,0.13,17,7,0.37,0.59,0.19,0,0,0.035
C0161,5,150.39,751.97,34.3,19.4,2,0.4,0.07,1.4,0.72,0.18,23,4,0.7,0.2,0.0,1,0,0.049
C0162,22,19.66,432.47,43.3,32.5,3,0.56,0.84,12.3,0.51,0.11,20,9,0.61,0.58,0.35,1,0,0.044
C0163,18,20.67,372.13,52.7,40.7,5,0.34,0.78,11.4,0.9,0.31,23,4,0.16,0.47,0.29,1,0,0.027
C0164,23,24.64,566.76,56.3,26.4,4,0.54,0.75,8.2,0.77,0.16,20,2,0.6,0.33,0.32,1,1,0.019
C0165,21,24.82,521.23,9.6,47.1,6,0.66,0.84,20.8,0.38,0.33,13,2,0.16,0.38,0.52,1,0,0.005
C0166,9,37.83,340.49,43.2,25.9,3,0.61,0.28,3.1,0.61,0.22,7,9,0.56,0.42,0.25,1,1,0.007
C0167,4,96.93,387.71,57.2,18.5,6,0.72,0.01,0.2,0.18,0.23,25,3,0.61,0.35,0.0,0,1,0.023
C0168,33,20.84,687.57,3.1,11.3,3,0.36,0.76,9.3,0.9,0.28,20,6,0.28,0.44,0.37,1,1,0.034
C0169,18,15.15,272.77,28.7,57.5,4,0.74,0.77,14.9,0.73,0.14,10,2,0.47,0.5,0.38,1,0,0.045
C0170,14,33.55,469.66,27.8,43.7,2,0.9,0.81,10.9,0.56,0.26,22,5,0.28,0.46,0.28,0,0,0.003
C0171,13,18.23,237.04,18.4,15.6,3,0.58,0.76,16.0,0.62,0.26,22,7,0.77,0.54,0.26,1,0,0.041
C0172,30,22.87,686.03,17.4,59.3,3,0.76,0.72,11.8,0.28,0.3,11,2,0.71,0.57,0.45,0,0,0.002
C0173,20,25.72,514.48,43.2,26.2,4,0.62,0.86,10.4,0.77,0.19,15,3,0.16,0.32,0.27,1,0,0.003
C0174,21,17.1,359.11,3.7,25.1,6,0.4,0.68,8.5,0.16,0.13,25,3,0.72,0.53,0.51,1,0,0.006
C0175,14,18.14,253.9,34.5,16.0,5,0.51,0.93,20.9,0.77,0.16,9,5,0.56,0.35,0.33,1,0,0.012
C0176,34,16.03,544.87,31.7,12.4,6,0.78,0.72,16.7,0.39,0.2,13,6,0.45,0.36,0.47,1,1,0.019
C0177,16,25.3,404.85,33.3,47.6,6,0.4,0.89,10.0,0.12,0.12,14,4,0.31,0.34,0.46,1,0,0.011
C0178,2,109.07,218.14,12.5,15.4,3,0.5,0.05,1.0,0.59,0.35,13,8,0.64,0.55,0.0,0,1,0.021
C0179,24,20.06,481.45,52.6,38.3,5,0.72,0.65,11.3,0.89,0.2,21,8,0.22,0.51,0.62,0,0,0.039
C0180,24,19.19,460.63,6.9,29.0,5,0.68,0.61,12.3,0.32,0.08,13,9,0.64,0.39,0.54,1,1,0.01
C0181,5,120.03,600.13,28.7,11.8,2,0.54,0.12,2.0,0.11,0.19,12,3,0.74,0.28,0.0,1,1,0.044
C0182,29,16.82,487.7,34.1,58.9,2,0.53,0.82,18.2,0.47,0.35,14,6,0.44,0.23,0.55,1,1,0.03
C0183,21,22.43,471.13,40.4,42.8,3,0.53,0.64,14.4,0.82,0.18,6,6,0.22,0.22,0.72,1,1,0.021
C0184,9,54.55,490.94,32.5,9.3,5,0.42,0.35,7.3,0.43,0.26,10,6,0.25,0.3,0.26,0,0,0.022
C0185,21,23.53,494.04,20.5,25.5,3,0.46,0.76,9.9,0.37,0.15,6,7,0.71,0.49,0.53,0,0,0.028
C0186,19,29.83,566.86,40.6,48.0,6,0.72,0.8,11.1,0.9,0.25,5,7,0.33,0.28,0.45,1,1,0.011
C0187,11,55.59,611.54,49.8,28.2,6,0.77,0.21,4.6,0.74,0.12,12,2,0.45,0.31,0.26,0,0,0.044
C0188,24,27.47,659.39,21.4,54.0,3,0.61,0.71,14.9,0.47,0.26,22,3,0.64,0.53,0.4,0,1,0.048
C0189,20,34.98,699.62,49.0,51.6,5,0.58,0.78,14.5,0.36,0.17,7,5,0.73,0.54,0.42,1,0,0.001
C0190,33,18.12,598.02,55.2,42.7,4,0.32,0.6,13.6,0.63,0.23,20,6,0.71,0.43,0.31,0,1,0.05
C0191,28,21.76,609.32,35.5,52.2,3,0.86,0.64,9.7,0.55,0.14,23,6,0.79,0.46,0.47,0,1,0.036
C0192,8,47.6,380.8,23.7,52.0,3,0.4,0.39,6.8,0.69,0.27,13,7,0.33,0.26,0.27,1,0,0.03
C0193,29,20.45,593.05,28.8,57.0,2,0.31,0.51,11.1,0.62,0.27,16,9,0.67,0.58,0.67,0,1,0.024
C0194,23,32.99,758.71,39.6,5.6,3,0.66,0.85,13.0,0.14,0.09,12,3,0.2,0.44,0.45,1,0,0.044
C0195,3,143.71,431.13,58.6,41.3,3,0.74,0.08,1.1,0.78,0.35,24,6,0.73,0.45,0.0,0,0,0.023
C0196,4,159.83,639.33,22.8,26.7,4,0.79,0.02,0.4,0.9,0.1,15,3,0.2,0.28,0.0,1,0,0.023
C0197,13,58.56,761.27,33.2,59.1,1,0.88,0.21,3.6,0.34,0.3,18,9,0.34,0.29,0.19,1,1,0.013
C0198,8,43.84,350.74,12.7,54.0,2,0.51,0.26,6.0,0.23,0.1,6,8,0.35,0.43,0.3,1,1,0.007
C0199,13,54.51,708.68,3.2,11.3,1,0.57,0.26,6.5,0.44,0.27,25,9,0.39,0.28,0.16,0,1,0.027
C0200,11,54.43,598.69,33.7,50.6,1,0.76,0.37,9.0,0.11,0.22,17,9,0.58,0.42,0.16,1,0,0.033
C0201,18,32.62,587.1,28.9,46.0,6,0.84,0.8,18.7,0.8,0.22,17,2,0.48,0.55,0.3,1,1,0.049
C0202,25,18.72,468.04,35.5,11.9,6,0.81,0.8,13.9,0.45,0.32,10,9,0.51,0.35,0.34,1,1,0.013
C0203,27,18.67,504.2,51.2,48.0,6,0.89,0.63,6.5,0.31,0.22,24,8,0.53,0.5,0.47,0,0,0.03
C0204,8,50.68,405.47,29.1,21.7,1,0.48,0.35,4.7,0.91,0.34,12,9,0.75,0.51,0.13,0,0,0.0
C0205,21,30.93,649.53,27.5,36.2,5,0.76,0.74,11.8,0.8,0.13,25,7,0.28,0.34,0.35,1,0,0.031
C0206,26,19.68,511.77,38.7,17.4,1,0.56,0.83,18.8,0.24,0.09,6,9,0.3,0.22,0.34,0,0,0.006
C0207,25,17.81,445.26,48.7,24.1,3,0.64,0.65,12.9,0.28,0.23,25,6,0.69,0.57,0.41,1,1,0.016
C0208,22,32.06,705.25,16.4,21.4,1,0.5,0.83,12.0,0.14,0.25,21,7,0.59,0.33,0.43,1,1,0.047
C0209,21,18.5,388.59,29.0,41.0,1,0.72,0.87,16.9,0.94,0.16,7,7,0.2,0.38,0.4,0,1,0.017
C0210,25,20.41,510.25,28.8,12.7,3,0.36,0.9,11.1,0.61,0.12,18,6,0.44,0.4,0.58,1,1,0.024
C0211,19,33.38,634.24,13.1,18.4,3,0.75,0.86,9.3,0.11,0.14,25,5,0.42,0.36,0.28,0,1,0.045
C0212,16,23.02,368.26,28.1,44.1,3,0.51,0.77,12.7,0.81,0.11,5,5,0.34,0.4,0.23,1,1,0.03
C0213,23,28.75,661.21,23.2,3.7,4,0.74,0.85,16.8,0.89,0.3,12,8,0.6,0.36,0.32,1,0,0.047
C0214,25,23.27,581.64,35.9,28.4,3,0.89,0.84,11.1,0.16,0.24,5,9,0.17,0.46,0.33,1,1,0.005
C0215,9,54.74,492.64,17.0,26.0,6,0.46,0.35,8.6,0.47,0.17,24,2,0.6,0.38,0.21,1,0,0.031
C0216,18,16.38,294.82,45.5,5.5,3,0.51,0.81,12.5,0.78,0.17,17,2,0.69,0.34,0.57,0,1,0.028
C0217,3,124.29,372.87,49.9,23.7,1,0.47,0.12,1.6,0.11,0.26,21,8,0.5,0.21,0.0,0,1,0.02
C0218,13,51.35,667.6,55.9,50.8,4,0.37,0.32,6.2,0.9,0.26,21,4,0.38,0.42,0.17,1,1,0.042
C0219,17,23.43,398.38,57.8,27.2,4,0.55,0.81,16.3,0.66,0.1,19,7,0.27,0.26,0.47,1,1,0.002
C0220,12,40.5,486.03,8.5,19.7,3,0.46,0.3,4.5,0.81,0.09,16,4,0.4,0.33,0.24,1,0,0.005
C0221,15,27.03,405.48,44.7,49.6,5,0.69,0.87,8.8,0.9,0.14,16,5,0.65,0.4,0.33,1,1,0.012
C0222,19,26.74,508.05,21.5,3.3,3,0.8,0.78,16.1,0.69,0.17,21,2,0.29,0.54,0.37,1,1,0.022
C0223,18,19.0,342.04,59.4,2.5,4,0.41,0.83,14.1,0.47,0.16,13,8,0.19,0.55,0.38,0,0,0.025
C0224,4,127.55,510.19,12.7,25.7,1,0.78,0.02,0.5,0.69,0.17,13,2,0.58,0.44,0.0,1,1,0.012
C0225,28,23.3,652.44,18.1,17.5,2,0.86,0.88,14.4,0.14,0.09,21,4,0.41,0.21,0.39,1,1,0.001
C0226,29,18.14,525.97,23.8,34.4,6,0.63,0.67,9.5,0.7,0.15,11,8,0.39,0.42,0.51,1,1,0.021
C0227,28,19.96,558.88,17.8,6.2,2,0.36,0.57,9.5,0.39,0.32,20,7,0.64,0.22,0.6,1,0,0.022
C0228,4,133.6,534.38,34.5,13.8,5,0.78,0.1,2.2,0.23,0.12,10,8,0.38,0.36,0.0,1,1,0.003
C0229,11,49.62,545.83,17.1,58.6,4,0.83,0.27,6.3,0.35,0.14,23,7,0.31,0.47,0.26,0,1,0.034
C0230,13,19.8,257.34,33.5,5.8,4,0.46,0.71,8.0,0.94,0.12,11,5,0.79,0.52,0.4,1,0,0.029
C0231,12,50.95,611.37,27.8,27.3,2,0.5,0.4,7.3,0.82,0.13,25,8,0.6,0.53,0.25,0,0,0.039
C0232,19,26.9,511.12,31.1,12.5,4,0.77,0.76,16.7,0.61,0.22,23,3,0.34,0.24,0.34,0,0,0.007
C0233,12,29.5,354.0,41.9,34.9,6,0.53,0.85,10.3,0.12,0.21,14,9,0.36,0.46,0.38,1,1,0.013
C0234,15,20.23,303.4,5.6,44.3,2,0.41,0.85,16.1,0.45,0.11,13,3,0.2,0.3,0.45,1,0,0.032
C0235,18,21.73,391.11,39.1,48.5,2,0.33,0.82,19.1,0.59,0.23,25,3,0.51,0.54,0.45,1,1,0.04
C0236,9,45.16,406.48,19.7,32.0,5,0.84,0.23,5.0,0.67,0.26,22,7,0.34,0.2,0.24,0,1,0.011
C0237,21,18.26,383.42,5.4,41.4,1,0.7,0.64,11.7,0.39,0.12,16,2,0.69,0.57,0.43,1,0,0.005
C0238,25,17.88,447.06,3.8,20.0,4,0.45,0.69,7.0,0.56,0.31,24,4,0.73,0.42,0.57,0,0,0.019
C0239,11,28.32,311.53,8.4,19.6,3,0.8,0.8,19.7,0.44,0.1,20,4,0.73,0.39,0.27,0,1,0.024
C0240,18,19.03,342.49,21.0,8.9,3,0.74,0.8,16.0,0.2,0.23,24,2,0.67,0.37,0.5,0,1,0.005
C0241,25,20.24,505.99,28.3,37.4,6,0.44,0.51,6.8,0.57,0.22,23,3,0.34,0.31,0.59,0,1,0.033
C0242,21,29.71,623.82,5.7,18.4,3,0.32,0.64,11.2,0.69,0.15,10,2,0.55,0.56,0.52,1,1,0.029
C0243,20,28.72,574.47,59.8,42.3,6,0.63,0.52,8.0,0.87,0.09,20,2,0.78,0.53,0.77,1,0,0.048
C0244,5,125.63,628.17,28.9,25.3,6,0.63,0.11,2.5,0.37,0.24,23,2,0.48,0.26,0.0,1,1,0.05
C0245,33,16.14,532.67,28.8,59.2,6,0.53,0.88,17.6,0.48,0.26,10,9,0.68,0.58,0.56,1,0,0.048
C0246,23,20.17,463.82,9.3,52.2,1,0.38,0.58,9.2,0.24,0.28,15,7,0.19,0.42,0.66,1,1,0.044
C0247,4,100.48,401.93,19.8,32.3,3,0.64,0.04,0.9,0.44,0.16,20,4,0.25,0.37,0.0,1,0,0.004
C0248,28,27.06,757.72,7.6,29.1,4,0.85,0.68,10.4,0.36,0.13,5,8,0.72,0.59,0.75,0,1,0.036
C0249,22,27.62,607.64,59.8,1.6,2,0.59,0.64,14.2,0.91,0.09,13,7,0.21,0.53,0.63,0,0,0.007
C0250,14,50.26,703.63,10.2,12.2,2,0.53,0.2,2.7,0.48,0.09,15,5,0.28,0.31,0.12,1,0,0.003
C0251,19,23.26,441.93,37.1,25.4,6,0.4,0.79,12.8,0.11,0.21,17,7,0.19,0.44,0.54,1,0,0.026
C0252,3,138.87,416.61,38.6,1.7,3,0.41,0.06,0.7,0.43,0.09,19,7,0.48,0.39,0.0,1,1,0.042
C0253,11,46.86,515.47,34.5,31.7,3,0.83,0.2,3.7,0.92,0.09,19,8,0.18,0.27,0.11,1,0,0.032
C0254,2,119.74,239.47,28.9,27.6,2,0.4,0.09,1.1,0.2,0.22,13,5,0.38,0.6,0.0,0,0,0.047
C0255,30,15.91,477.34,12.7,4.3,3,0.76,0.69,11.1,0.66,0.24,8,7,0.79,0.22,0.5,1,1,0.027
C0256,17,23.36,397.14,8.5,11.6,2,0.71,0.8,14.5,0.5,0.33,19,6,0.33,0.34,0.27,0,0,0.05
C0257,19,26.25,498.7,30.9,38.2,3,0.89,0.79,10.0,0.78,0.17,5,4,0.49,0.23,0.72,1,0,0.048
C0258,12,20.38,244.56,26.0,31.7,6,0.34,0.8,15.7,0.75,0.35,12,5,0.62,0.43,0.36,1,1,0.006
C0259,18,21.54,387.74,30.6,25.7,6,0.86,0.79,12.0,0.31,0.26,11,8,0.35,0.29,0.4,1,0,0.041
C0260,27,19.73,532.72,21.8,44.9,1,0.78,0.61,12.9,0.62,0.21,24,6,0.74,0.22,0.51,1,0,0.009
C0261,19,18.11,344.09,44.9,2.4,6,0.36,0.82,9.8,0.59,0.1,23,3,0.61,0.34,0.29,1,0,0.013
C0262,15,20.36,305.33,35.9,53.5,2,0.68,0.51,11.2,0.62,0.16,13,2,0.36,0.27,0.76,1,1,0.04
C0263,19,19.36,367.84,6.8,50.1,3,0.35,0.78,9.8,0.54,0.14,24,6,0.68,0.21,0.48,0,1,0.033
C0264,18,22.99,413.82,34.8,42.7,5,0.64,0.77,15.3,0.68,0.33,14,6,0.62,0.31,0.3,1,0,0.002
C0265,13,36.43,473.56,54.5,2.5,4,0.6,0.23,4.6,0.3,0.28,24,8,0.35,0.36,0.1,0,0,0.049
C0266,14,37.09,519.3,53.5,9.9,2,0.5,0.28,3.0,0.26,0.34,11,5,0.28,0.4,0.17,1,0,0.021
C0267,15,23.33,349.88,3.4,31.9,6,0.77,0.86,20.3,0.41,0.28,7,8,0.24,0.46,0.32,1,0,0.001
C0268,8,36.56,292.49,17.2,19.7,4,0.59,0.3,5.4,0.89,0.32,14,3,0.33,0.56,0.12,1,0,0.043
C0269,3,119.85,359.54,39.8,31.1,3,0.48,0.08,0.8,0.25,0.08,23,3,0.2,0.47,0.0,0,1,0.047
C0270,33,18.13,598.26,43.2,44.8,6,0.45,0.86,19.8,0.24,0.09,5,4,0.29,0.24,0.34,0,0,0.041
C0271,9,48.72,438.5,32.1,36.7,3,0.78,0.24,5.9,0.89,0.33,7,5,0.45,0.48,0.24,0,0,0.007
C0272,11,53.13,584.48,53.5,3.8,6,0.51,0.22,5.1,0.3,0.27,19,6,0.34,0.51,0.18,1,0,0.007
C0273,13,57.79,751.24,17.6,32.1,5,0.61,0.24,4.1,0.85,0.22,10,7,0.79,0.3,0.11,0,0,0.033
C0274,22,24.36,535.94,49.6,53.8,2,0.69,0.64,10.4,0.49,0.15,6,5,0.48,0.33,0.62,1,0,0.05
C0275,14,22.41,313.79,35.5,29.2,2,0.43,0.7,7.0,0.88,0.31,6,8,0.64,0.49,0.31,0,1,0.036
C0276,24,25.32,607.66,22.9,23.1,1,0.73,0.73,8.5,0.13,0.35,20,3,0.18,0.28,0.35,1,0,0.02
C0277,9,46.31,416.75,49.5,52.8,2,0.82,0.35,3.5,0.76,0.2,7,8,0.46,0.59,0.24,1,1,0.012
C0278,10,33.07,330.71,18.2,32.5,1,0.3,0.8,12.8,0.3,0.3,24,9,0.19,0.6,0.46,1,0,0.007
C0279,15,36.7,550.57,19.6,25.6,6,0.56,0.24,5.9,0.79,0.28,14,3,0.7,0.34,0.21,1,0,0.05
C0280,13,43.01,559.13,10.0,38.5,3,0.5,0.23,2.4,0.75,0.09,25,6,0.23,0.27,0.26,0,0,0.037
C0281,15,39.22,588.3,32.2,46.4,2,0.6,0.37,3.8,0.78,0.34,25,8,0.48,0.55,0.1,0,1,0.038
C0282,5,104.39,521.95,12.6,19.3,5,0.8,0.1,2.1,0.45,0.26,19,6,0.41,0.52,0.0,1,0,0.009
C0283,4,114.66,458.64,57.4,21.8,4,0.41,0.14,2.3,0.91,0.12,5,9,0.79,0.35,0.0,1,0,0.017
C0284,32,21.29,681.14,33.3,45.0,2,0.68,0.79,17.5,0.16,0.17,18,5,0.56,0.34,0.44,0,1,0.03
C0285,13,27.38,355.98,58.2,39.8,3,0.69,0.76,14.5,0.69,0.18,21,9,0.45,0.52,0.33,1,0,0.005
C0286,24,19.13,459.15,7.1,35.0,3,0.33,0.66,12.6,0.3,0.18,17,9,0.25,0.32,0.42,0,1,0.046
C0287,11,24.75,272.29,22.5,7.6,2,0.88,0.76,10.0,0.73,0.23,14,6,0.72,0.49,0.44,1,0,0.03
C0288,10,24.33,243.25,57.3,44.5,3,0.33,0.89,13.1,0.52,0.14,23,3,0.75,0.37,0.3,1,1,0.048
C0289,20,18.52,370.33,46.4,48.9,3,0.56,0.87,19.8,0.41,0.29,25,7,0.56,0.5,0.47,1,1,0.042
C0290,23,25.58,588.37,25.1,35.4,4,0.67,0.71,12.1,0.66,0.14,18,8,0.47,0.21,0.22,1,0,0.005
C0291,21,22.15,465.18,30.1,54.0,4,0.62,0.89,17.1,0.68,0.26,25,5,0.43,0.22,0.43,1,0,0.018
C0292,30,21.63,648.99,11.7,44.0,3,0.6,0.85,17.5,0.83,0.19,23,3,0.76,0.41,0.47,0,1,0.009
C0293,9,43.2,388.76,25.4,28.9,3,0.5,0.36,8.4,0.17,0.29,9,4,0.33,0.53,0.22,0,0,0.039
C0294,2,147.18,294.36,15.1,3.4,5,0.8,0.03,0.6,0.89,0.28,18,8,0.62,0.57,0.0,1,0,0.013
C0295,26,23.22,603.63,49.3,29.5,4,0.4,0.63,13.0,0.71,0.32,22,6,0.23,0.25,0.54,1,1,0.009
C0296,22,29.33,645.34,30.9,32.2,3,0.38,0.86,17.9,0.79,0.15,8,6,0.4,0.4,0.38,1,1,0.037
C0297,13,48.95,636.41,55.6,30.6,1,0.73,0.27,6.1,0.83,0.17,14,8,0.18,0.22,0.29,0,1,0.003
C0298,27,21.73,586.64,19.0,28.0,1,0.56,0.7,7.8,0.19,0.31,20,3,0.28,0.4,0.35,1,1,0.003
C0299,19,25.93,492.6,27.2,23.6,1,0.81,0.9,12.5,0.46,0.09,7,4,0.53,0.43,0.32,1,1,0.016
C0300,29,17.31,502.09,52.5,34.3,1,0.66,0.72,14.8,0.34,0.25,9,7,0.46,0.5,0.6,1,1,0.016
C0301,19,15.56,295.68,37.8,33.2,5,0.49,0.75,9.9,0.54,0.11,16,3,0.16,0.59,0.57,0,0,0.03
C0302,11,18.18,199.97,22.7,3.1,6,0.76,0.8,12.9,0.85,0.26,14,5,0.56,0.25,0.46,1,0,0.01
C0303,24,29.39,705.26,38.7,10.1,6,0.58,0.8,10.7,0.62,0.09,25,9,0.31,0.38,0.29,0,1,0.01
C0304,20,21.46,429.2,35.2,2.2,1,0.31,0.89,14.0,0.36,0.09,13,5,0.41,0.45,0.33,1,1,0.006
C0305,9,58.38,525.46,41.6,22.4,2,0.56,0.35,6.8,0.28,0.25,9,9,0.8,0.21,0.29,0,1,0.016
C0306,27,22.65,611.46,59.0,38.9,4,0.89,0.58,9.2,0.78,0.2,25,3,0.63,0.42,0.59,0,0,0.014
C0307,23,24.69,567.96,45.3,14.5,4,0.44,0.85,12.2,0.41,0.26,21,9,0.77,0.55,0.33,1,1,0.034
C0308,3,143.8,431.41,26.9,42.4,1,0.65,0.1,1.4,0.89,0.12,19,8,0.64,0.32,0.0,0,1,0.043
C0309,8,52.93,423.45,52.3,28.0,6,0.53,0.32,7.8,0.69,0.1,22,8,0.43,0.24,0.26,0,1,0.036
C0310,29,17.04,494.16,6.1,58.3,5,0.54,0.85,14.9,0.81,0.26,17,3,0.26,0.41,0.47,1,1,0.049
C0311,5,110.47,552.37,22.0,56.5,5,0.3,0.02,0.4,0.38,0.09,14,3,0.61,0.59,0.0,0,0,0.005
C0312,34,17.82,605.82,4.2,46.7,1,0.41,0.66,10.6,0.9,0.2,23,5,0.52,0.24,0.31,1,0,0.028
C0313,28,20.36,569.95,53.6,53.7,2,0.59,0.74,18.0,0.15,0.33,24,5,0.51,0.56,0.42,0,1,0.024
C0314,29,21.39,620.33,59.9,4.2,5,0.54,0.58,9.8,0.72,0.18,17,8,0.2,0.25,0.62,1,0,0.024
C0315,15,58.62,879.27,54.8,1.4,2,0.86,0.27,5.4,0.58,0.24,24,2,0.16,0.3,0.21,0,1,0.035
C0316,10,21.62,216.23,16.5,53.1,5,0.33,0.92,10.9,0.15,0.31,13,5,0.5,0.48,0.49,1,1,0.05
C0317,5,102.0,510.0,49.6,1.8,1,0.51,0.13,2.1,0.76,0.21,7,7,0.67,0.34,0.0,1,0,0.009
C0318,30,20.05,601.35,40.0,31.2,2,0.81,0.68,7.6,0.7,0.26,21,6,0.31,0.38,0.3,0,1,0.033
C0319,21,15.92,334.41,52.4,15.4,3,0.87,0.74,10.1,0.4,0.32,24,9,0.44,0.33,0.42,0,1,0.034
C0320,33,22.36,738.04,25.0,21.9,1,0.33,0.62,14.9,0.7,0.08,16,8,0.42,0.38,0.31,1,1,0.049
C0321,13,24.89,323.53,24.7,30.3,2,0.34,0.7,13.3,0.73,0.14,16,8,0.17,0.54,0.45,1,1,0.011
C0322,13,51.93,675.07,30.6,14.0,5,0.63,0.22,2.7,0.35,0.14,10,4,0.42,0.48,0.11,0,0,0.018
C0323,17,32.73,556.34,28.3,18.9,6,0.52,0.92,12.9,0.47,0.1,18,7,0.16,0.46,0.33,1,1,0.012
C0324,34,22.02,748.53,21.8,41.9,2,0.57,0.6,7.3,0.83,0.3,16,9,0.74,0.54,0.42,0,0,0.005
C0325,27,25.32,683.54,45.9,34.5,5,0.3,0.77,10.8,0.54,0.27,25,9,0.51,0.49,0.55,0,1,0.001
C0326,12,47.3,567.6,31.7,20.0,2,0.57,0.26,4.8,0.35,0.2,10,6,0.35,0.45,0.14,1,1,0.045
C0327,13,19.94,259.19,35.9,39.1,6,0.78,0.86,11.9,0.8,0.1,9,7,0.47,0.32,0.45,0,1,0.022
C0328,21,31.52,661.82,11.3,52.8,6,0.7,0.74,10.4,0.87,0.2,11,6,0.63,0.46,0.23,1,1,0.031
C0329,3,113.17,339.52,17.8,23.7,4,0.67,0.02,0.5,0.7,0.11,13,9,0.33,0.46,0.0,0,0,0.05
C0330,20,22.89,457.82,59.9,5.4,1,0.8,0.78,19.2,0.93,0.1,15,8,0.57,0.46,0.5,0,0,0.033
C0331,4,159.11,636.44,36.5,13.5,2,0.8,0.11,2.3,0.49,0.09,6,3,0.45,0.57,0.0,1,1,0.016
C0332,13,58.29,757.73,58.9,40.0,2,0.71,0.27,5.3,0.71,0.15,12,6,0.23,0.46,0.28,0,1,0.03
C0333,32,23.91,765.07,7.4,40.6,6,0.6,0.73,13.7,0.22,0.33,12,9,0.44,0.47,0.44,1,0,0.013
C0334,25,23.44,585.93,34.1,6.4,2,0.75,0.73,15.3,0.84,0.13,9,7,0.77,0.36,0.4,0,1,0.026
C0335,33,20.73,684.01,22.9,36.2,5,0.32,0.85,17.8,0.63,0.24,9,3,0.28,0.34,0.4,0,1,0.006
C0336,26,23.59,613.24,13.5,7.2,3,0.66,0.89,13.2,0.76,0.1,22,8,0.68,0.47,0.49,1,0,0.048
C0337,11,51.01,561.12,4.9,35.2,3,0.73,0.26,3.3,0.3,0.21,17,2,0.16,0.57,0.29,1,1,0.011
C0338,15,38.67,579.98,11.9,41.3,3,0.8,0.33,5.7,0.87,0.33,17,3,0.15,0.59,0.15,0,1,0.003
C0339,16,22.29,356.63,54.1,7.1,2,0.84,0.93,11.6,0.92,0.2,8,9,0.59,0.32,0.28,1,0,0.015
C0340,21,16.44,345.21,48.3,9.3,6,0.57,0.63,13.3,0.81,0.23,8,5,0.3,0.27,0.43,1,0,0.018
C0341,11,29.51,324.62,18.2,3.3,5,0.56,0.87,15.4,0.22,0.19,21,6,0.27,0.2,0.39,1,0,0.034
C0342,19,29.67,563.8,9.1,47.1,5,0.79,0.76,12.7,0.52,0.14,16,4,0.52,0.24,0.44,1,1,0.047
C0343,22,23.75,522.44,6.8,16.8,1,0.3,0.82,10.2,0.4,0.17,14,6,0.59,0.32,0.38,1,0,0.005
C0344,4,111.15,444.61,26.1,36.2,6,0.31,0.1,2.3,0.33,0.3,10,6,0.32,0.47,0.0,1,1,0.046
C0345,5,159.3,796.51,59.3,21.3,2,0.4,0.09,1.4,0.19,0.15,7,3,0.4,0.24,0.0,1,1,0.049
C0346,23,26.75,615.19,10.9,4.2,2,0.34,0.88,9.5,0.2,0.24,6,9,0.47,0.54,0.47,1,1,0.035
C0347,17,20.96,356.28,7.0,22.3,3,0.9,0.79,13.5,0.79,0.2,15,5,0.54,0.55,0.39,0,1,0.03
C0348,24,24.1,578.45,4.6,39.0,5,0.44,0.65,8.5,0.73,0.17,12,3,0.26,0.58,0.49,1,1,0.043
C0349,2,120.9,241.81,42.3,56.8,2,0.56,0.0,0.1,0.27,0.28,13,2,0.44,0.49,0.0,0,1,0.041
C0350,19,21.02,399.46,7.0,35.1,5,0.45,0.79,18.1,0.67,0.2,15,3,0.28,0.45,0.33,1,0,0.05
C0351,19,25.51,484.61,52.5,54.4,2,0.73,0.73,13.8,0.52,0.13,10,7,0.37,0.58,0.29,0,1,0.032
C0352,13,57.47,747.07,56.0,28.1,2,0.77,0.29,3.9,0.24,0.19,17,3,0.61,0.37,0.13,1,0,0.004
C0353,17,32.54,553.14,43.7,26.4,1,0.4,0.79,15.6,0.31,0.27,9,2,0.59,0.45,0.39,1,1,0.004
C0354,19,15.25,289.69,33.4,59.8,2,0.43,0.72,9.8,0.34,0.19,14,2,0.16,0.55,0.37,1,1,0.017
C0355,19,17.69,336.08,26.3,58.8,2,0.77,0.9,17.3,0.14,0.25,22,2,0.56,0.25,0.56,0,0,0.042
C0356,20,24.91,498.2,54.2,54.6,2,0.86,0.89,20.0,0.77,0.13,9,2,0.76,0.27,0.35,0,0,0.019
C0357,18,17.74,319.24,33.6,30.7,1,0.31,0.72,13.3,0.89,0.26,25,3,0.16,0.42,0.59,0,1,0.025
C0358,15,29.34,440.17,15.0,20.1,3,0.69,0.73,9.2,0.84,0.25,23,4,0.49,0.23,0.43,1,0,0.013
C0359,29,19.43,563.57,14.8,44.4,1,0.38,0.69,12.5,0.56,0.1,16,6,0.7,0.54,0.78,1,1,0.005
C0360,17,19.34,328.85,3.9,37.4,4,0.51,0.81,17.7,0.3,0.25,20,2,0.65,0.52,0.23,1,0,0.021
C0361,2,101.44,202.88,12.2,42.3,5,0.36,0.06,1.1,0.79,0.33,15,2,0.38,0.41,0.0,1,0,0.04
C0362,17,26.02,442.38,50.4,24.8,1,0.86,0.82,17.2,0.88,0.33,9,3,0.37,0.24,0.45,1,1,0.047
C0363,20,31.23,624.67,15.0,41.7,3,0.63,0.74,13.6,0.4,0.2,22,4,0.4,0.3,0.33,0,1,0.023
C0364,13,30.43,395.55,16.5,29.9,1,0.73,0.72,17.4,0.88,0.24,17,3,0.68,0.47,0.4,0,1,0.041
C0365,29,21.83,633.09,13.2,30.1,2,0.42,0.77,18.6,0.93,0.18,24,3,0.23,0.57,0.54,0,1,0.023
C0366,5,113.85,569.27,6.0,7.7,3,0.53,0.1,2.3,0.84,0.24,23,5,0.53,0.47,0.0,0,0,0.044
C0367,25,18.93,473.25,26.4,56.1,3,0.78,0.51,8.6,0.41,0.11,15,6,0.64,0.24,0.53,1,1,0.02
C0368,23,29.35,675.15,5.9,4.7,4,0.71,0.67,8.8,0.73,0.35,20,7,0.47,0.57,0.66,1,1,0.036
C0369,22,17.55,386.03,59.2,4.3,2,0.48,0.75,12.6,0.34,0.18,6,7,0.49,0.42,0.42,1,1,0.01
C0370,19,22.23,422.38,9.3,24.0,6,0.78,0.75,16.4,0.35,0.12,22,9,0.6,0.46,0.45,1,1,0.047
C0371,28,21.39,598.83,8.3,57.3,4,0.3,0.64,15.0,0.54,0.15,24,6,0.75,0.39,0.58,1,1,0.039
C0372,25,19.97,499.13,23.0,46.6,1,0.46,0.64,11.3,0.58,0.08,9,3,0.39,0.36,0.42,0,1,0.019
C0373,31,16.76,519.7,23.2,30.7,6,0.85,0.89,16.2,0.25,0.18,24,4,0.57,0.46,0.32,0,0,0.045
C0374,22,21.66,476.6,31.5,25.5,1,0.4,0.76,16.6,0.71,0.1,23,8,0.26,0.33,0.42,1,1,0.02
C0375,32,24.91,797.04,32.6,12.2,2,0.81,0.86,15.1,0.93,0.11,12,5,0.56,0.34,0.44,0,0,0.003
C0376,2,165.2,330.4,47.2,37.7,1,0.81,0.14,1.9,0.8,0.23,5,4,0.4,0.38,0.0,1,0,0.005
C0377,15,59.16,887.47,25.2,57.2,5,0.9,0.29,5.9,0.35,0.26,18,9,0.39,0.21,0.13,1,1,0.001
C0378,20,22.78,455.58,24.4,22.7,4,0.81,0.71,16.7,0.51,0.28,13,2,0.76,0.49,0.43,0,1,0.032
C0379,9,52.13,469.13,7.4,26.2,2,0.7,0.34,5.0,0.68,0.32,21,2,0.79,0.35,0.17,1,0,0.021
C0380,31,22.45,695.87,29.3,17.9,3,0.69,0.65,12.9,0.8,0.19,20,8,0.33,0.59,0.36,0,1,0.035
C0381,24,20.18,484.37,55.5,58.1,1,0.57,0.61,14.8,0.67,0.1,16,2,0.5,0.45,0.47,1,1,0.04
C0382,24,20.79,499.02,40.8,21.0,6,0.43,0.83,8.7,0.73,0.3,20,3,0.73,0.44,0.45,1,0,0.001
C0383,12,33.17,397.98,59.5,16.7,2,0.56,0.88,17.4,0.72,0.25,21,3,0.44,0.42,0.35,0,1,0.022
C0384,11,56.42,620.66,14.6,52.5,1,0.7,0.34,6.0,0.12,0.19,13,5,0.18,0.34,0.28,1,0,0.02
C0385,8,42.78,342.2,44.9,48.0,6,0.89,0.38,6.4,0.15,0.15,9,3,0.4,0.51,0.25,1,1,0.009
C0386,14,58.53,819.45,47.2,34.2,5,0.53,0.38,9.2,0.84,0.27,12,4,0.58,0.28,0.2,0,1,0.05
C0387,25,19.31,482.75,5.8,6.6,6,0.49,0.69,16.2,0.26,0.25,7,4,0.18,0.34,0.48,1,1,0.034
C0388,34,24.48,832.39,51.6,22.0,6,0.86,0.75,16.0,0.66,0.3,10,7,0.78,0.49,0.51,1,1,0.026
C0389,15,48.5,727.53,38.9,22.2,3,0.88,0.35,4.1,0.33,0.21,15,8,0.26,0.31,0.25,0,1,0.035
C0390,14,40.44,566.19,24.2,2.5,2,0.77,0.39,5.1,0.17,0.21,15,2,0.21,0.52,0.13,1,1,0.046
C0391,21,22.19,465.92,52.8,2.8,3,0.61,0.78,10.5,0.82,0.28,19,2,0.25,0.29,0.56,0,0,0.04
C0392,5,150.85,754.27,44.6,44.4,6,0.52,0.14,3.1,0.3,0.11,10,6,0.29,0.57,0.0,0,1,0.025
C0393,4,131.39,525.58,13.7,48.5,5,0.5,0.09,1.6,0.93,0.27,5,4,0.31,0.5,0.0,0,0,0.016
C0394,12,49.64,595.7,43.6,22.6,6,0.75,0.2,4.9,0.3,0.17,6,8,0.59,0.28,0.25,1,1,0.006
C0395,3,124.78,374.34,35.0,1.3,6,0.4,0.06,1.2,0.93,0.3,24,6,0.39,0.43,0.0,0,0,0.047
C0396,29,28.49,826.08,22.4,43.4,5,0.41,0.65,14.2,0.49,0.16,19,4,0.71,0.5,0.63,1,0,0.006
C0397,11,54.23,596.5,34.4,56.7,3,0.61,0.38,6.5,0.32,0.3,8,9,0.66,0.28,0.19,0,1,0.03
C0398,2,93.27,186.54,44.5,12.8,5,0.55,0.02,0.2,0.36,0.22,10,7,0.66,0.51,0.0,1,1,0.014
C0399,13,52.32,680.19,26.5,9.2,1,0.86,0.31,7.5,0.16,0.2,13,3,0.44,0.5,0.24,0,0,0.025
C0400,10,37.26,372.62,44.3,12.2,1,0.82,0.3,3.4,0.84,0.17,6,9,0.53,0.41,0.15,0,1,0.003
C0401,22,17.96,395.16,22.8,45.0,5,0.75,0.77,11.6,0.73,0.12,5,9,0.68,0.3,0.43,1,1,0.007
C0402,27,25.29,682.82,5.5,16.4,1,0.44,0.66,15.1,0.36,0.27,11,3,0.38,0.42,0.76,1,1,0.04
C0403,23,25.06,576.37,30.5,43.5,1,0.51,0.77,17.1,0.35,0.23,11,8,0.4,0.32,0.29,1,1,0.041
C0404,8,41.68,333.43,22.3,30.4,6,0.43,0.25,3.0,0.11,0.12,20,7,0.31,0.39,0.15,1,0,0.044
C0405,4,164.48,657.93,37.0,6.3,6,0.31,0.06,1.2,0.83,0.21,22,4,0.76,0.34,0.0,1,0,0.028
C0406,8,39.45,315.58,11.1,46.1,1,0.64,0.38,8.7,0.51,0.35,25,2,0.2,0.6,0.19,0,0,0.014
C0407,3,136.65,409.95,12.9,57.8,3,0.8,0.09,1.6,0.95,0.16,21,2,0.25,0.27,0.0,0,1,0.04
C0408,31,20.2,626.24,19.4,31.2,4,0.68,0.78,9.8,0.47,0.16,14,6,0.44,0.6,0.38,1,0,0.018
C0409,21,24.63,517.19,25.8,46.9,2,0.78,0.68,15.5,0.57,0.3,24,2,0.22,0.48,0.58,0,0,0.013
C0410,33,16.88,557.02,36.0,38.0,3,0.62,0.64,14.1,0.8,0.34,12,6,0.52,0.27,0.33,1,1,0.003
C0411,4,161.6,646.4,10.5,14.9,6,0.86,0.07,1.4,0.79,0.3,6,4,0.65,0.5,0.0,1,1,0.003
C0412,24,19.49,467.84,51.6,23.9,4,0.85,0.79,18.6,0.23,0.18,15,6,0.34,0.43,0.59,1,0,0.036
C0413,16,19.02,304.4,26.7,27.5,5,0.54,0.77,17.6,0.47,0.18,23,6,0.54,0.24,0.56,0,0,0.037
C0414,18,33.46,602.33,54.8,57.5,2,0.44,0.86,11.2,0.71,0.17,6,9,0.25,0.31,0.22,0,0,0.037
C0415,15,23.59,353.79,13.3,29.7,2,0.46,0.77,16.6,0.28,0.17,7,7,0.76,0.57,0.34,1,1,0.018
C0416,5,133.46,667.28,32.1,29.1,4,0.53,0.1,1.7,0.86,0.3,14,3,0.36,0.37,0.0,0,0,0.01
C0417,25,21.43,535.84,16.2,48.3,3,0.53,0.68,16.0,0.16,0.1,24,4,0.57,0.35,0.32,1,1,0.034
C0418,5,145.38,726.91,56.3,3.9,5,0.81,0.06,1.4,0.57,0.26,8,5,0.33,0.49,0.0,1,1,0.033
C0419,16,25.26,404.17,30.1,19.7,5,0.53,0.73,15.6,0.36,0.24,18,6,0.15,0.23,0.48,0,0,0.044
C0420,13,40.72,529.32,45.9,29.0,4,0.3,0.38,8.4,0.41,0.23,25,2,0.61,0.58,0.1,0,1,0.02
C0421,10,58.33,583.27,42.4,54.3,5,0.7,0.37,6.4,0.27,0.24,10,7,0.42,0.42,0.18,0,0,0.037
C0422,8,43.84,350.72,32.0,43.5,1,0.8,0.23,5.1,0.36,0.2,12,9,0.39,0.54,0.23,0,0,0.017
C0423,20,15.83,316.68,41.0,54.8,1,0.79,0.88,11.9,0.66,0.19,9,8,0.6,0.35,0.47,0,0,0.042
C0424,16,22.1,353.62,48.9,17.5,2,0.73,0.75,7.8,0.13,0.32,23,9,0.64,0.42,0.28,0,1,0.048
C0425,26,22.0,572.12,44.8,37.4,4,0.31,0.72,15.9,0.32,0.25,17,5,0.71,0.57,0.32,1,1,0.008
C0426,24,29.28,702.76,39.8,9.9,6,0.35,0.9,18.2,0.77,0.29,21,2,0.44,0.53,0.32,0,0,0.023
C0427,2,134.14,268.28,48.8,15.6,1,0.54,0.02,0.3,0.11,0.16,20,7,0.56,0.38,0.0,0,0,0.019
C0428,9,38.87,349.84,27.6,37.8,5,0.6,0.24,3.0,0.59,0.25,21,3,0.63,0.33,0.17,1,1,0.022
C0429,5,116.79,583.96,36.6,31.9,6,0.49,0.0,0.1,0.18,0.33,5,2,0.18,0.32,0.0,0,1,0.042
C0430,32,17.37,555.72,14.5,57.6,2,0.41,0.87,12.7,0.51,0.26,14,9,0.78,0.49,0.3,0,0,0.005
C0431,28,16.91,473.56,48.8,4.9,2,0.72,0.76,8.8,0.76,0.21,23,3,0.2,0.51,0.57,1,0,0.024
C0432,9,58.63,527.65,41.3,10.6,6,0.74,0.26,5.9,0.63,0.26,17,3,0.76,0.25,0.19,1,0,0.013
C0433,18,30.24,544.31,28.3,37.5,4,0.69,0.89,12.1,0.34,0.3,19,7,0.48,0.33,0.27,1,1,0.014
C0434,19,15.7,298.32,28.0,37.1,5,0.82,0.86,14.5,0.32,0.15,17,4,0.73,0.35,0.45,0,1,0.005
C0435,30,24.92,747.51,31.6,14.8,4,0.38,0.83,12.2,0.51,0.21,7,8,0.26,0.26,0.36,1,1,0.046
C0436,10,47.16,471.6,49.3,33.0,1,0.43,0.3,5.1,0.33,0.28,19,3,0.72,0.23,0.14,0,0,0.015
C0437,22,17.53,385.61,48.3,27.9,1,0.82,0.72,8.0,0.83,0.29,15,6,0.61,0.58,0.41,0,0,0.047
C0438,13,45.97,597.57,17.5,51.6,2,0.37,0.31,7.5,0.46,0.08,11,5,0.34,0.56,0.29,1,1,0.007
C0439,13,56.72,737.36,49.7,54.4,4,0.62,0.33,4.7,0.14,0.26,19,3,0.26,0.33,0.19,0,0,0.042
C0440,31,24.04,745.23,5.9,3.6,5,0.57,0.7,9.6,0.26,0.26,17,7,0.67,0.23,0.47,0,0,0.019
C0441,31,19.46,603.15,10.0,9.7,2,0.56,0.87,20.1,0.36,0.11,5,2,0.54,0.43,0.34,1,0,0.007
C0442,15,24.33,364.95,55.9,57.0,1,0.5,0.75,18.3,0.57,0.1,5,9,0.53,0.56,0.76,0,1,0.017
C0443,3,147.54,442.63,27.5,17.2,1,0.7,0.02,0.2,0.32,0.27,22,5,0.41,0.26,0.0,1,0,0.039
C0444,4,122.63,490.53,59.4,3.3,6,0.37,0.01,0.1,0.84,0.14,19,7,0.68,0.5,0.0,0,1,0.012
C0445,11,49.34,542.71,56.7,31.6,6,0.9,0.24,5.3,0.88,0.13,15,9,0.48,0.53,0.27,0,0,0.021
C0446,25,21.21,530.33,43.3,56.5,5,0.69,0.64,6.5,0.24,0.35,8,4,0.79,0.58,0.64,1,0,0.044
C0447,22,21.24,467.18,14.1,44.2,5,0.6,0.7,13.0,0.26,0.32,6,3,0.56,0.24,0.62,1,0,0.006
C0448,14,39.09,547.26,42.0,41.3,6,0.4,0.27,6.8,0.58,0.27,15,8,0.21,0.59,0.15,0,1,0.021
C0449,5,97.21,486.04,36.6,34.0,5,0.34,0.03,0.3,0.86,0.27,21,2,0.19,0.48,0.0,0,1,0.02
C0450,22,20.85,458.72,22.0,5.2,2,0.56,0.75,11.6,0.54,0.16,24,3,0.71,0.32,0.45,0,1,0.006
C0451,15,39.91,598.59,26.7,28.7,4,0.62,0.34,7.1,0.15,0.32,22,2,0.45,0.28,0.18,0,0,0.001
C0452,12,26.85,322.17,5.0,54.8,2,0.35,0.92,11.0,0.65,0.17,7,8,0.51,0.3,0.2,0,0,0.006
C0453,2,170.34,340.67,41.6,30.3,5,0.9,0.07,1.3,0.44,0.14,23,7,0.46,0.35,0.0,0,0,0.018
C0454,15,22.6,339.04,38.0,20.7,5,0.5,0.75,11.0,0.12,0.24,5,6,0.71,0.26,0.7,0,0,0.0
C0455,19,22.25,422.84,17.2,52.8,5,0.87,0.62,14.5,0.89,0.31,17,6,0.26,0.31,0.51,1,1,0.03
C0456,10,32.46,324.55,33.9,50.1,1,0.47,0.75,16.5,0.29,0.26,11,7,0.72,0.42,0.4,1,1,0.011
C0457,30,15.23,456.77,49.8,17.8,4,0.75,0.63,13.8,0.38,0.27,14,4,0.77,0.57,0.48,0,0,0.036
C0458,11,27.31,300.4,7.8,8.0,6,0.6,0.86,19.4,0.7,0.29,24,9,0.41,0.36,0.28,0,0,0.003
C0459,31,19.18,594.55,29.2,15.1,4,0.8,0.82,17.0,0.9,0.19,8,9,0.45,0.45,0.59,0,0,0.009
C0460,30,17.33,519.91,4.6,38.2,1,0.48,0.77,12.3,0.39,0.3,10,5,0.17,0.35,0.55,1,1,0.007
C0461,27,17.98,485.47,56.2,29.8,3,0.72,0.72,14.5,0.44,0.08,13,4,0.5,0.47,0.37,1,1,0.037
C0462,20,28.34,566.84,5.7,51.2,1,0.37,0.81,20.2,0.28,0.08,9,8,0.58,0.27,0.48,0,0,0.045
C0463,9,56.02,504.14,53.2,48.5,6,0.49,0.37,4.7,0.87,0.19,20,5,0.57,0.22,0.25,0,1,0.048
C0464,22,32.64,718.03,42.4,31.3,2,0.52,0.84,10.3,0.45,0.11,8,6,0.54,0.33,0.25,0,0,0.033
C0465,21,29.06,610.36,34.7,53.7,5,0.5,0.53,8.8,0.32,0.12,21,8,0.23,0.39,0.54,1,1,0.039
C0466,3,103.27,309.81,49.3,45.4,1,0.41,0.01,0.1,0.71,0.12,11,8,0.55,0.51,0.0,0,1,0.018
C0467,33,22.26,734.74,46.6,11.3,6,0.88,0.85,21.1,0.54,0.33,5,6,0.34,0.31,0.42,1,0,0.009
C0468,11,50.37,554.1,46.8,45.1,1,0.67,0.3,6.2,0.58,0.28,23,4,0.54,0.57,0.12,0,0,0.021
C0469,33,18.44,608.51,45.8,39.0,6,0.72,0.68,15.0,0.39,0.08,23,8,0.7,0.21,0.6,1,0,0.012
C0470,20,24.98,499.65,42.6,9.4,5,0.89,0.52,9.5,0.89,0.08,20,6,0.75,0.22,0.54,0,0,0.035
C0471,28,23.06,645.82,25.0,21.2,6,0.64,0.65,11.6,0.72,0.24,20,5,0.26,0.49,0.59,1,0,0.023
C0472,23,23.34,536.75,55.5,8.6,4,0.71,0.51,6.1,0.46,0.15,18,7,0.77,0.44,0.5,1,1,0.001
C0473,33,15.88,523.95,40.6,37.9,6,0.53,0.72,8.3,0.71,0.22,5,6,0.36,0.33,0.51,0,1,0.017
C0474,14,53.74,752.36,39.1,18.0,4,0.31,0.29,6.9,0.52,0.17,17,6,0.59,0.36,0.29,0,1,0.048
C0475,19,29.09,552.68,56.4,10.7,4,0.41,0.88,12.4,0.78,0.2,14,6,0.36,0.35,0.2,0,1,0.012
C0476,16,21.08,337.33,6.2,7.1,1,0.58,0.51,7.8,0.6,0.25,11,6,0.2,0.45,0.57,1,0,0.027
C0477,24,22.28,534.62,56.8,20.8,1,0.54,0.74,11.8,0.21,0.3,10,6,0.25,0.38,0.56,0,1,0.035
C0478,10,26.01,260.08,44.6,8.8,5,0.67,0.8,18.0,0.52,0.11,8,2,0.35,0.48,0.27,0,1,0.015
C0479,25,19.62,490.57,40.7,53.0,2,0.47,0.67,6.9,0.59,0.19,16,3,0.43,0.59,0.62,0,0,0.03
C0480,20,30.74,614.71,52.7,1.9,4,0.43,0.78,12.4,0.45,0.28,21,9,0.73,0.24,0.38,1,0,0.011
C0481,20,34.06,681.29,50.1,17.2,3,0.56,0.82,14.2,0.82,0.27,13,5,0.32,0.55,0.37,1,0,0.011
C0482,16,30.9,494.45,20.6,18.2,4,0.6,0.82,19.0,0.45,0.23,5,8,0.15,0.3,0.21,0,1,0.006
C0483,20,28.94,578.82,58.4,3.2,3,0.49,0.73,14.2,0.19,0.25,12,2,0.21,0.49,0.33,0,0,0.049
C0484,24,22.46,539.1,36.4,22.2,2,0.69,0.73,9.6,0.22,0.32,17,7,0.79,0.52,0.35,0,0,0.017
C0485,12,19.08,228.91,53.9,32.3,2,0.83,0.85,21.3,0.31,0.29,8,6,0.32,0.59,0.22,1,0,0.006
C0486,21,21.3,447.27,54.0,59.0,3,0.46,0.51,5.2,0.13,0.33,21,2,0.42,0.21,0.63,0,0,0.04
C0487,22,17.11,376.42,28.0,47.1,5,0.57,0.81,17.6,0.81,0.26,25,5,0.55,0.42,0.37,1,1,0.031
C0488,21,17.92,376.4,20.3,21.4,1,0.85,0.81,15.0,0.41,0.28,17,3,0.6,0.22,0.52,0,1,0.022
C0489,27,22.79,615.22,20.1,48.4,6,0.57,0.66,15.4,0.52,0.31,24,3,0.42,0.29,0.62,1,1,0.041
C0490,12,54.41,652.97,37.8,23.3,1,0.37,0.36,8.0,0.18,0.15,19,7,0.38,0.59,0.11,0,0,0.013
C0491,11,33.09,364.03,48.9,17.0,1,0.82,0.73,8.8,0.21,0.13,16,8,0.67,0.36,0.42,1,1,0.012
C0492,18,23.57,424.3,27.7,24.4,5,0.88,0.92,9.4,0.51,0.17,21,5,0.52,0.37,0.24,1,0,0.037
C0493,26,17.5,454.99,24.1,29.7,3,0.39,0.78,10.3,0.19,0.26,20,4,0.77,0.49,0.48,1,1,0.044
C0494,30,19.43,583.0,33.3,54.4,4,0.55,0.78,16.5,0.2,0.15,16,7,0.4,0.58,0.59,1,0,0.048
C0495,18,26.41,475.42,31.5,19.0,3,0.31,0.89,15.3,0.38,0.28,13,5,0.69,0.44,0.43,1,1,0.049
C0496,2,100.61,201.23,19.1,1.0,5,0.46,0.1,2.2,0.13,0.22,16,3,0.51,0.39,0.0,1,1,0.007
C0497,20,24.74,494.72,19.4,8.1,2,0.54,0.94,9.9,0.57,0.27,10,8,0.35,0.51,0.36,0,0,0.012
C0498,21,16.03,336.66,13.3,43.0,4,0.38,0.88,17.8,0.59,0.21,21,2,0.76,0.24,0.54,1,0,0.04
C0499,28,23.23,650.57,48.7,29.7,4,0.85,0.56,13.8,0.27,0.12,19,8,0.34,0.2,0.74,0,0,0.017
C0500,26,19.79,514.57,32.6,22.5,4,0.38,0.57,11.7,0.2,0.14,20,9,0.59,0.32,0.78,1,1,0.003
